Driver,LapNumber,Compound,TyreAge,TyreAgeBucket,LapDeltaCategory,TrackTemp,Weather,SafetyCar,RacePhase,PitNextLap
ALB,1.0,SOFT,1,0-10,Unknown,Medium,Dry,0,Early,0
BOT,1.0,SOFT,1,0-10,Unknown,Medium,Dry,0,Early,0
DEV,1.0,SOFT,1,0-10,Unknown,Medium,Dry,0,Early,0
VER,1.0,SOFT,1,0-10,Unknown,Medium,Dry,0,Early,0
GAS,1.0,SOFT,1,0-10,Unknown,Medium,Dry,0,Early,0
HAM,1.0,SOFT,1,0-10,Unknown,Medium,Dry,0,Early,0
TSU,1.0,SOFT,1,0-10,Unknown,Medium,Dry,0,Early,0
HUL,1.0,SOFT,1,0-10,Unknown,Medium,Dry,0,Early,0
ZHO,1.0,SOFT,1,0-10,Unknown,Medium,Dry,0,Early,0
STR,1.0,SOFT,1,0-10,Unknown,Medium,Dry,0,Early,0
MAG,1.0,HARD,1,0-10,Unknown,Medium,Dry,0,Early,0
NOR,1.0,SOFT,1,0-10,Unknown,Medium,Dry,0,Early,0
SAR,1.0,SOFT,1,0-10,Unknown,Medium,Dry,0,Early,0
OCO,1.0,SOFT,1,0-10,Unknown,Medium,Dry,0,Early,0
PER,1.0,SOFT,1,0-10,Unknown,Medium,Dry,0,Early,0
PIA,1.0,SOFT,1,0-10,Unknown,Medium,Dry,0,Early,0
RUS,1.0,SOFT,1,0-10,Unknown,Medium,Dry,0,Early,0
LEC,1.0,SOFT,1,0-10,Unknown,Medium,Dry,0,Early,0
ALO,1.0,SOFT,1,0-10,Unknown,Medium,Dry,0,Early,0
SAI,1.0,SOFT,1,0-10,Unknown,Medium,Dry,0,Early,0
VER,2.0,SOFT,2,0-10,Faster,Medium,Dry,0,Early,0
LEC,2.0,SOFT,2,0-10,Faster,Medium,Dry,0,Early,0
PER,2.0,SOFT,2,0-10,Faster,Medium,Dry,0,Early,0
SAI,2.0,SOFT,2,0-10,Faster,Medium,Dry,0,Early,0
HAM,2.0,SOFT,2,0-10,Faster,Medium,Dry,0,Early,0
RUS,2.0,SOFT,2,0-10,Faster,Medium,Dry,0,Early,0
ALO,2.0,SOFT,2,0-10,Faster,Medium,Dry,0,Early,0
BOT,2.0,SOFT,2,0-10,Faster,Medium,Dry,0,Early,0
STR,2.0,SOFT,2,0-10,Faster,Medium,Dry,0,Early,0
NOR,2.0,SOFT,2,0-10,Faster,Medium,Dry,0,Early,0
OCO,2.0,SOFT,2,0-10,Faster,Medium,Dry,0,Early,0
ALB,2.0,SOFT,2,0-10,Faster,Medium,Dry,0,Early,0
SAR,2.0,SOFT,2,0-10,Faster,Medium,Dry,0,Early,0
HUL,2.0,SOFT,2,0-10,Faster,Medium,Dry,0,Early,0
TSU,2.0,SOFT,2,0-10,Faster,Medium,Dry,0,Early,0
PIA,2.0,SOFT,2,0-10,Faster,Medium,Dry,0,Early,0
ZHO,2.0,SOFT,2,0-10,Faster,Medium,Dry,0,Early,0
MAG,2.0,HARD,2,0-10,Faster,Medium,Dry,0,Early,0
GAS,2.0,SOFT,2,0-10,Faster,Medium,Dry,0,Early,0
DEV,2.0,SOFT,2,0-10,Faster,Medium,Dry,0,Early,0
VER,3.0,SOFT,3,0-10,Normal,Medium,Dry,0,Early,0
LEC,3.0,SOFT,3,0-10,Normal,Medium,Dry,0,Early,0
PER,3.0,SOFT,3,0-10,Normal,Medium,Dry,0,Early,0
SAI,3.0,SOFT,3,0-10,Normal,Medium,Dry,0,Early,0
HAM,3.0,SOFT,3,0-10,Normal,Medium,Dry,0,Early,0
RUS,3.0,SOFT,3,0-10,Normal,Medium,Dry,0,Early,0
ALO,3.0,SOFT,3,0-10,Faster,Medium,Dry,0,Early,0
BOT,3.0,SOFT,3,0-10,Faster,Medium,Dry,0,Early,0
STR,3.0,SOFT,3,0-10,Normal,Medium,Dry,0,Early,0
NOR,3.0,SOFT,3,0-10,Faster,Medium,Dry,0,Early,0
OCO,3.0,SOFT,3,0-10,Normal,Medium,Dry,0,Early,0
ALB,3.0,SOFT,3,0-10,Normal,Medium,Dry,0,Early,0
SAR,3.0,SOFT,3,0-10,Normal,Medium,Dry,0,Early,0
HUL,3.0,SOFT,3,0-10,Normal,Medium,Dry,0,Early,0
TSU,3.0,SOFT,3,0-10,Faster,Medium,Dry,0,Early,0
PIA,3.0,SOFT,3,0-10,Normal,Medium,Dry,0,Early,0
ZHO,3.0,SOFT,3,0-10,Normal,Medium,Dry,0,Early,0
GAS,3.0,SOFT,3,0-10,Normal,Medium,Dry,0,Early,0
MAG,3.0,HARD,3,0-10,Normal,Medium,Dry,0,Early,0
DEV,3.0,SOFT,3,0-10,Normal,Medium,Dry,0,Early,0
VER,4.0,SOFT,4,0-10,Normal,Medium,Dry,0,Early,0
LEC,4.0,SOFT,4,0-10,Normal,Medium,Dry,0,Early,0
PER,4.0,SOFT,4,0-10,Normal,Medium,Dry,0,Early,0
SAI,4.0,SOFT,4,0-10,Normal,Medium,Dry,0,Early,0
HAM,4.0,SOFT,4,0-10,Normal,Medium,Dry,0,Early,0
RUS,4.0,SOFT,4,0-10,Normal,Medium,Dry,0,Early,0
ALO,4.0,SOFT,4,0-10,Normal,Medium,Dry,0,Early,0
BOT,4.0,SOFT,4,0-10,Normal,Medium,Dry,0,Early,0
STR,4.0,SOFT,4,0-10,Normal,Medium,Dry,0,Early,0
NOR,4.0,SOFT,4,0-10,Slower,Medium,Dry,0,Early,0
OCO,4.0,SOFT,4,0-10,Normal,Medium,Dry,0,Early,0
ALB,4.0,SOFT,4,0-10,Normal,Medium,Dry,0,Early,0
SAR,4.0,SOFT,4,0-10,Normal,Medium,Dry,0,Early,0
HUL,4.0,SOFT,4,0-10,Slower,Medium,Dry,0,Early,0
TSU,4.0,SOFT,4,0-10,Normal,Medium,Dry,0,Early,0
PIA,4.0,SOFT,4,0-10,Normal,Medium,Dry,0,Early,0
ZHO,4.0,SOFT,4,0-10,Normal,Medium,Dry,0,Early,0
GAS,4.0,SOFT,4,0-10,Normal,Medium,Dry,0,Early,0
DEV,4.0,SOFT,4,0-10,Faster,Medium,Dry,0,Early,0
MAG,4.0,HARD,4,0-10,Faster,Medium,Dry,0,Early,0
VER,5.0,SOFT,5,0-10,Normal,Medium,Dry,0,Early,0
LEC,5.0,SOFT,5,0-10,Normal,Medium,Dry,0,Early,0
PER,5.0,SOFT,5,0-10,Normal,Medium,Dry,0,Early,0
SAI,5.0,SOFT,5,0-10,Normal,Medium,Dry,0,Early,0
HAM,5.0,SOFT,5,0-10,Normal,Medium,Dry,0,Early,0
RUS,5.0,SOFT,5,0-10,Normal,Medium,Dry,0,Early,0
ALO,5.0,SOFT,5,0-10,Normal,Medium,Dry,0,Early,0
BOT,5.0,SOFT,5,0-10,Slower,Medium,Dry,0,Early,0
STR,5.0,SOFT,5,0-10,Faster,Medium,Dry,0,Early,0
OCO,5.0,SOFT,5,0-10,Slower,Medium,Dry,0,Early,0
ALB,5.0,SOFT,5,0-10,Slower,Medium,Dry,0,Early,0
NOR,5.0,SOFT,5,0-10,Faster,Medium,Dry,0,Early,0
SAR,5.0,SOFT,5,0-10,Normal,Medium,Dry,0,Early,0
TSU,5.0,SOFT,5,0-10,Slower,Medium,Dry,0,Early,0
HUL,5.0,SOFT,5,0-10,Normal,Medium,Dry,0,Early,0
PIA,5.0,SOFT,5,0-10,Normal,Medium,Dry,0,Early,0
ZHO,5.0,SOFT,5,0-10,Normal,Medium,Dry,0,Early,0
GAS,5.0,SOFT,5,0-10,Normal,Medium,Dry,0,Early,0
DEV,5.0,SOFT,5,0-10,Normal,Medium,Dry,0,Early,0
MAG,5.0,HARD,5,0-10,Slower,Medium,Dry,0,Early,0
VER,6.0,SOFT,6,0-10,Normal,Medium,Dry,0,Early,0
LEC,6.0,SOFT,6,0-10,Normal,Medium,Dry,0,Early,0
PER,6.0,SOFT,6,0-10,Normal,Medium,Dry,0,Early,0
SAI,6.0,SOFT,6,0-10,Normal,Medium,Dry,0,Early,0
HAM,6.0,SOFT,6,0-10,Normal,Medium,Dry,0,Early,0
RUS,6.0,SOFT,6,0-10,Normal,Medium,Dry,0,Early,0
ALO,6.0,SOFT,6,0-10,Normal,Medium,Dry,0,Early,0
STR,6.0,SOFT,6,0-10,Slower,Medium,Dry,0,Early,0
BOT,6.0,SOFT,6,0-10,Faster,Medium,Dry,0,Early,0
OCO,6.0,SOFT,6,0-10,Normal,Medium,Dry,0,Early,0
ALB,6.0,SOFT,6,0-10,Normal,Medium,Dry,0,Early,0
NOR,6.0,SOFT,6,0-10,Normal,Medium,Dry,0,Early,0
SAR,6.0,SOFT,6,0-10,Normal,Medium,Dry,0,Early,0
TSU,6.0,SOFT,6,0-10,Normal,Medium,Dry,0,Early,0
HUL,6.0,SOFT,6,0-10,Normal,Medium,Dry,0,Early,0
PIA,6.0,SOFT,6,0-10,Normal,Medium,Dry,0,Early,0
ZHO,6.0,SOFT,6,0-10,Normal,Medium,Dry,0,Early,0
GAS,6.0,SOFT,6,0-10,Normal,Medium,Dry,0,Early,0
DEV,6.0,SOFT,6,0-10,Normal,Medium,Dry,0,Early,0
MAG,6.0,HARD,6,0-10,Normal,Medium,Dry,0,Early,0
VER,7.0,SOFT,7,0-10,Normal,Medium,Dry,0,Early,0
LEC,7.0,SOFT,7,0-10,Normal,Medium,Dry,0,Early,0
PER,7.0,SOFT,7,0-10,Normal,Medium,Dry,0,Early,0
SAI,7.0,SOFT,7,0-10,Normal,Medium,Dry,0,Early,0
HAM,7.0,SOFT,7,0-10,Normal,Medium,Dry,0,Early,0
RUS,7.0,SOFT,7,0-10,Slower,Medium,Dry,0,Early,0
ALO,7.0,SOFT,7,0-10,Normal,Medium,Dry,0,Early,0
STR,7.0,SOFT,7,0-10,Normal,Medium,Dry,0,Early,0
BOT,7.0,SOFT,7,0-10,Normal,Medium,Dry,0,Early,0
OCO,7.0,SOFT,7,0-10,Normal,Medium,Dry,0,Early,0
ALB,7.0,SOFT,7,0-10,Normal,Medium,Dry,0,Early,0
NOR,7.0,SOFT,7,0-10,Normal,Medium,Dry,0,Early,0
SAR,7.0,SOFT,7,0-10,Normal,Medium,Dry,0,Early,0
TSU,7.0,SOFT,7,0-10,Normal,Medium,Dry,0,Early,0
HUL,7.0,SOFT,7,0-10,Normal,Medium,Dry,0,Early,0
PIA,7.0,SOFT,7,0-10,Normal,Medium,Dry,0,Early,0
ZHO,7.0,SOFT,7,0-10,Normal,Medium,Dry,0,Early,0
GAS,7.0,SOFT,7,0-10,Normal,Medium,Dry,0,Early,0
DEV,7.0,SOFT,7,0-10,Normal,Medium,Dry,0,Early,0
MAG,7.0,HARD,7,0-10,Normal,Medium,Dry,0,Early,0
VER,8.0,SOFT,8,0-10,Normal,Medium,Dry,0,Early,0
LEC,8.0,SOFT,8,0-10,Normal,Medium,Dry,0,Early,0
PER,8.0,SOFT,8,0-10,Normal,Medium,Dry,0,Early,0
SAI,8.0,SOFT,8,0-10,Normal,Medium,Dry,0,Early,0
HAM,8.0,SOFT,8,0-10,Slower,Medium,Dry,0,Early,0
RUS,8.0,SOFT,8,0-10,Normal,Medium,Dry,0,Early,0
ALO,8.0,SOFT,8,0-10,Normal,Medium,Dry,0,Early,0
STR,8.0,SOFT,8,0-10,Normal,Medium,Dry,0,Early,0
BOT,8.0,SOFT,8,0-10,Normal,Medium,Dry,0,Early,0
OCO,8.0,SOFT,8,0-10,Normal,Medium,Dry,0,Early,0
ALB,8.0,SOFT,8,0-10,Normal,Medium,Dry,0,Early,0
NOR,8.0,SOFT,8,0-10,Normal,Medium,Dry,0,Early,0
SAR,8.0,SOFT,8,0-10,Normal,Medium,Dry,0,Early,0
TSU,8.0,SOFT,8,0-10,Normal,Medium,Dry,0,Early,0
HUL,8.0,SOFT,8,0-10,Normal,Medium,Dry,0,Early,0
PIA,8.0,SOFT,8,0-10,Normal,Medium,Dry,0,Early,0
ZHO,8.0,SOFT,8,0-10,Normal,Medium,Dry,0,Early,0
GAS,8.0,SOFT,8,0-10,Normal,Medium,Dry,0,Early,1
DEV,8.0,SOFT,8,0-10,Normal,Medium,Dry,0,Early,0
MAG,8.0,HARD,8,0-10,Normal,Medium,Dry,0,Early,0
VER,9.0,SOFT,9,0-10,Normal,Medium,Dry,0,Early,0
LEC,9.0,SOFT,9,0-10,Normal,Medium,Dry,0,Early,0
PER,9.0,SOFT,9,0-10,Normal,Medium,Dry,0,Early,0
SAI,9.0,SOFT,9,0-10,Normal,Medium,Dry,0,Early,0
HAM,9.0,SOFT,9,0-10,Normal,Medium,Dry,0,Early,0
RUS,9.0,SOFT,9,0-10,Normal,Medium,Dry,0,Early,0
ALO,9.0,SOFT,9,0-10,Normal,Medium,Dry,0,Early,0
STR,9.0,SOFT,9,0-10,Normal,Medium,Dry,0,Early,0
BOT,9.0,SOFT,9,0-10,Normal,Medium,Dry,0,Early,0
OCO,9.0,SOFT,9,0-10,Normal,Medium,Dry,0,Early,0
ALB,9.0,SOFT,9,0-10,Normal,Medium,Dry,0,Early,0
NOR,9.0,SOFT,9,0-10,Normal,Medium,Dry,0,Early,1
SAR,9.0,SOFT,9,0-10,Normal,Medium,Dry,0,Early,0
TSU,9.0,SOFT,9,0-10,Normal,Medium,Dry,0,Early,1
HUL,9.0,SOFT,9,0-10,Normal,Medium,Dry,0,Early,0
PIA,9.0,SOFT,9,0-10,Normal,Medium,Dry,0,Early,0
ZHO,9.0,SOFT,9,0-10,Normal,Medium,Dry,0,Early,0
GAS,9.0,SOFT,9,0-10,Slower,Medium,Dry,0,Early,0
DEV,9.0,SOFT,9,0-10,Normal,Medium,Dry,0,Early,0
MAG,9.0,HARD,9,0-10,Normal,Medium,Dry,0,Early,0
VER,10.0,SOFT,10,0-10,Normal,Medium,Dry,0,Early,0
LEC,10.0,SOFT,10,0-10,Normal,Medium,Dry,0,Early,0
PER,10.0,SOFT,10,0-10,Normal,Medium,Dry,0,Early,0
SAI,10.0,SOFT,10,0-10,Normal,Medium,Dry,0,Early,0
HAM,10.0,SOFT,10,0-10,Normal,Medium,Dry,0,Early,0
RUS,10.0,SOFT,10,0-10,Normal,Medium,Dry,0,Early,0
ALO,10.0,SOFT,10,0-10,Normal,Medium,Dry,0,Early,0
STR,10.0,SOFT,10,0-10,Normal,Medium,Dry,0,Early,0
BOT,10.0,SOFT,10,0-10,Normal,Medium,Dry,0,Early,1
OCO,10.0,SOFT,10,0-10,Normal,Medium,Dry,0,Early,0
ALB,10.0,SOFT,10,0-10,Normal,Medium,Dry,0,Early,1
NOR,10.0,SOFT,10,0-10,Slower,Medium,Dry,0,Early,0
SAR,10.0,SOFT,10,0-10,Normal,Medium,Dry,0,Early,0
TSU,10.0,SOFT,10,0-10,Slower,Medium,Dry,0,Early,0
HUL,10.0,SOFT,10,0-10,Slower,Medium,Dry,0,Early,1
PIA,10.0,SOFT,10,0-10,Normal,Medium,Dry,0,Early,0
ZHO,10.0,SOFT,10,0-10,Normal,Medium,Dry,0,Early,0
DEV,10.0,SOFT,10,0-10,Normal,Medium,Dry,0,Early,1
GAS,10.0,HARD,1,0-10,Slower,Medium,Dry,0,Early,0
MAG,10.0,HARD,10,0-10,Normal,Medium,Dry,0,Early,0
VER,11.0,SOFT,11,11-20,Normal,Medium,Dry,0,Early,0
LEC,11.0,SOFT,11,11-20,Normal,Medium,Dry,0,Early,0
PER,11.0,SOFT,11,11-20,Normal,Medium,Dry,0,Early,0
SAI,11.0,SOFT,11,11-20,Normal,Medium,Dry,0,Early,0
HAM,11.0,SOFT,11,11-20,Normal,Medium,Dry,0,Early,1
RUS,11.0,SOFT,11,11-20,Slower,Medium,Dry,0,Early,0
ALO,11.0,SOFT,11,11-20,Slower,Medium,Dry,0,Early,0
STR,11.0,SOFT,11,11-20,Slower,Medium,Dry,0,Early,0
BOT,11.0,SOFT,11,11-20,Slower,Medium,Dry,0,Early,0
OCO,11.0,SOFT,11,11-20,Normal,Medium,Dry,0,Early,1
ALB,11.0,SOFT,11,11-20,Slower,Medium,Dry,0,Early,0
SAR,11.0,SOFT,11,11-20,Normal,Medium,Dry,0,Early,1
NOR,11.0,HARD,1,0-10,Slower,Medium,Dry,0,Early,0
TSU,11.0,HARD,1,0-10,Slower,Medium,Dry,0,Early,0
HUL,11.0,SOFT,11,11-20,Slower,Medium,Dry,0,Early,0
PIA,11.0,SOFT,11,11-20,Normal,Medium,Dry,0,Early,0
ZHO,11.0,SOFT,11,11-20,Normal,Medium,Dry,0,Early,1
DEV,11.0,SOFT,11,11-20,Slower,Medium,Dry,0,Early,0
MAG,11.0,HARD,11,11-20,Normal,Medium,Dry,0,Early,0
GAS,11.0,HARD,2,0-10,Faster,Low,Dry,0,Early,0
VER,12.0,SOFT,12,11-20,Normal,Low,Dry,0,Early,0
LEC,12.0,SOFT,12,11-20,Normal,Low,Dry,0,Early,1
PER,12.0,SOFT,12,11-20,Normal,Low,Dry,0,Early,0
SAI,12.0,SOFT,12,11-20,Normal,Low,Dry,0,Early,1
HAM,12.0,SOFT,12,11-20,Slower,Low,Dry,0,Early,0
RUS,12.0,SOFT,12,11-20,Normal,Low,Dry,0,Early,1
ALO,12.0,SOFT,12,11-20,Normal,Low,Dry,0,Early,0
STR,12.0,SOFT,12,11-20,Normal,Low,Dry,0,Early,0
BOT,12.0,HARD,1,0-10,Slower,Low,Dry,0,Early,0
OCO,12.0,SOFT,12,11-20,Slower,Low,Dry,0,Early,0
SAR,12.0,SOFT,12,11-20,Slower,Low,Dry,0,Early,0
ALB,12.0,SOFT,1,0-10,Slower,Low,Dry,0,Early,0
PIA,12.0,SOFT,12,11-20,Normal,Low,Dry,0,Early,1
ZHO,12.0,SOFT,12,11-20,Slower,Low,Dry,0,Early,0
MAG,12.0,HARD,12,11-20,Faster,Low,Dry,0,Early,0
HUL,12.0,HARD,1,0-10,Slower,Low,Dry,0,Early,0
DEV,12.0,HARD,1,0-10,Slower,Low,Dry,0,Early,0
TSU,12.0,HARD,2,0-10,Faster,Low,Dry,0,Early,0
GAS,12.0,HARD,3,0-10,Normal,Low,Dry,0,Early,0
NOR,12.0,HARD,2,0-10,Faster,Low,Dry,0,Early,0
VER,13.0,SOFT,13,11-20,Normal,Low,Dry,0,Early,1
LEC,13.0,SOFT,13,11-20,Slower,Low,Dry,0,Early,0
PER,13.0,SOFT,13,11-20,Normal,Low,Dry,0,Early,0
SAI,13.0,SOFT,13,11-20,Slower,Low,Dry,0,Early,0
RUS,13.0,SOFT,13,11-20,Slower,Low,Dry,0,Early,0
ALO,13.0,SOFT,13,11-20,Faster,Low,Dry,0,Early,1
HAM,13.0,HARD,1,0-10,Slower,Low,Dry,0,Early,0
STR,13.0,SOFT,13,11-20,Normal,Low,Dry,0,Early,0
OCO,13.0,HARD,1,0-10,Slower,Low,Dry,0,Early,0
SAR,13.0,SOFT,1,0-10,Slower,Low,Dry,0,Early,0
PIA,13.0,SOFT,13,11-20,Slower,Low,Dry,0,Early,0
ZHO,13.0,HARD,1,0-10,Slower,Low,Dry,0,Early,0
MAG,13.0,HARD,13,11-20,Normal,Low,Dry,0,Early,0
BOT,13.0,HARD,2,0-10,Faster,Low,Dry,0,Early,0
ALB,13.0,SOFT,2,0-10,Faster,Low,Dry,0,Early,0
TSU,13.0,HARD,3,0-10,Normal,Low,Dry,0,Early,0
GAS,13.0,HARD,4,0-10,Normal,Low,Dry,0,Early,0
NOR,13.0,HARD,3,0-10,Normal,Low,Dry,0,Early,0
DEV,13.0,HARD,2,0-10,Faster,Low,Dry,0,Early,0
HUL,13.0,HARD,2,0-10,Faster,Low,Dry,0,Early,0
VER,14.0,SOFT,14,11-20,Slower,Low,Dry,0,Early,0
PER,14.0,SOFT,14,11-20,Faster,Low,Dry,0,Early,0
LEC,14.0,HARD,1,0-10,Slower,Low,Dry,0,Early,0
SAI,14.0,HARD,1,0-10,Slower,Low,Dry,0,Early,0
ALO,14.0,SOFT,14,11-20,Slower,Low,Dry,0,Early,0
STR,14.0,SOFT,14,11-20,Faster,Low,Dry,0,Early,1
RUS,14.0,HARD,1,0-10,Slower,Low,Dry,0,Early,0
HAM,14.0,HARD,2,0-10,Faster,Low,Dry,0,Early,0
MAG,14.0,HARD,14,11-20,Normal,Low,Dry,0,Early,1
BOT,14.0,HARD,3,0-10,Normal,Low,Dry,0,Early,0
ALB,14.0,SOFT,3,0-10,Normal,Low,Dry,0,Early,0
OCO,14.0,HARD,2,0-10,Faster,Low,Dry,0,Early,1
TSU,14.0,HARD,4,0-10,Faster,Low,Dry,0,Early,0
GAS,14.0,HARD,5,0-10,Normal,Low,Dry,0,Early,0
SAR,14.0,SOFT,2,0-10,Faster,Low,Dry,0,Early,0
NOR,14.0,HARD,4,0-10,Normal,Low,Dry,0,Early,0
DEV,14.0,HARD,3,0-10,Normal,Low,Dry,0,Early,0
HUL,14.0,HARD,3,0-10,Faster,Low,Dry,0,Early,0
ZHO,14.0,HARD,2,0-10,Faster,Low,Dry,0,Early,0
VER,15.0,SOFT,1,0-10,Slower,Low,Dry,0,Early,0
PER,15.0,SOFT,15,11-20,Normal,Low,Dry,0,Early,0
STR,15.0,SOFT,15,11-20,Slower,Low,Dry,0,Early,0
ALO,15.0,HARD,1,0-10,Slower,Low,Dry,0,Early,0
LEC,15.0,HARD,2,0-10,Faster,Low,Dry,0,Early,0
SAI,15.0,HARD,2,0-10,Faster,Low,Dry,0,Early,0
HAM,15.0,HARD,3,0-10,Normal,Low,Dry,0,Early,0
BOT,15.0,HARD,4,0-10,Slower,Low,Dry,0,Early,0
MAG,15.0,HARD,15,11-20,Slower,Low,Dry,0,Early,0
RUS,15.0,HARD,2,0-10,Faster,Low,Dry,0,Early,0
ALB,15.0,SOFT,4,0-10,Slower,Low,Dry,0,Early,0
OCO,15.0,HARD,3,0-10,Slower,Low,Dry,0,Early,0
TSU,15.0,HARD,5,0-10,Normal,Low,Dry,0,Early,0
GAS,15.0,HARD,6,0-10,Normal,Low,Dry,0,Early,0
SAR,15.0,SOFT,3,0-10,Slower,Low,Dry,0,Early,0
NOR,15.0,HARD,5,0-10,Normal,Low,Dry,0,Early,0
DEV,15.0,HARD,4,0-10,Normal,Low,Dry,0,Early,0
HUL,15.0,HARD,4,0-10,Normal,Low,Dry,0,Early,0
ZHO,15.0,HARD,3,0-10,Normal,Low,Dry,0,Early,0
PER,16.0,SOFT,16,11-20,Normal,Low,Dry,0,Early,1
VER,16.0,SOFT,2,0-10,Faster,Low,Dry,0,Early,0
LEC,16.0,HARD,3,0-10,Faster,Low,Dry,0,Early,0
STR,16.0,HARD,1,0-10,Slower,Low,Dry,0,Early,0
SAI,16.0,HARD,3,0-10,Normal,Low,Dry,0,Early,0
HAM,16.0,HARD,4,0-10,Normal,Low,Dry,0,Early,0
BOT,16.0,HARD,5,0-10,Normal,Low,Dry,0,Early,0
ALO,16.0,HARD,2,0-10,Faster,Low,Dry,0,Early,0
RUS,16.0,HARD,3,0-10,Normal,Low,Dry,0,Early,0
ALB,16.0,SOFT,5,0-10,Normal,Low,Dry,0,Early,0
MAG,16.0,HARD,1,0-10,Slower,Low,Dry,0,Early,0
TSU,16.0,HARD,6,0-10,Normal,Low,Dry,0,Early,0
OCO,16.0,HARD,1,0-10,Slower,Low,Dry,0,Early,0
GAS,16.0,HARD,7,0-10,Normal,Low,Dry,0,Early,0
SAR,16.0,SOFT,4,0-10,Normal,Low,Dry,0,Early,0
NOR,16.0,HARD,6,0-10,Normal,Low,Dry,0,Early,1
DEV,16.0,HARD,5,0-10,Normal,Low,Dry,0,Early,0
HUL,16.0,HARD,5,0-10,Normal,Low,Dry,0,Early,0
ZHO,16.0,HARD,4,0-10,Normal,Low,Dry,0,Early,0
PER,17.0,SOFT,17,11-20,Slower,Low,Dry,0,Early,0
VER,17.0,SOFT,3,0-10,Normal,Low,Dry,0,Early,0
LEC,17.0,HARD,4,0-10,Normal,Low,Dry,0,Early,0
SAI,17.0,HARD,4,0-10,Normal,Low,Dry,0,Early,0
HAM,17.0,HARD,5,0-10,Normal,Low,Dry,0,Early,0
BOT,17.0,HARD,6,0-10,Slower,Low,Dry,0,Early,0
ALO,17.0,HARD,3,0-10,Slower,Low,Dry,0,Early,0
RUS,17.0,HARD,4,0-10,Slower,Low,Dry,0,Early,0
STR,17.0,HARD,2,0-10,Faster,Low,Dry,0,Early,0
ALB,17.0,SOFT,6,0-10,Normal,Low,Dry,0,Early,0
TSU,17.0,HARD,7,0-10,Normal,Low,Dry,0,Early,0
GAS,17.0,HARD,8,0-10,Normal,Low,Dry,0,Early,0
SAR,17.0,SOFT,5,0-10,Normal,Low,Dry,0,Early,0
NOR,17.0,HARD,7,0-10,Slower,Low,Dry,0,Early,0
DEV,17.0,HARD,6,0-10,Normal,Low,Dry,0,Early,0
HUL,17.0,HARD,6,0-10,Normal,Low,Dry,0,Early,0
ZHO,17.0,HARD,5,0-10,Normal,Low,Dry,0,Early,0
MAG,17.0,HARD,2,0-10,Faster,Low,Dry,0,Early,0
OCO,17.0,HARD,2,0-10,Faster,Low,Dry,0,Early,0
PER,18.0,SOFT,1,0-10,Slower,Low,Dry,0,Early,0
VER,18.0,SOFT,4,0-10,Normal,Low,Dry,0,Early,0
LEC,18.0,HARD,5,0-10,Normal,Low,Dry,0,Early,0
SAI,18.0,HARD,5,0-10,Normal,Low,Dry,0,Early,0
HAM,18.0,HARD,6,0-10,Normal,Low,Dry,0,Early,0
ALO,18.0,HARD,4,0-10,Normal,Low,Dry,0,Early,0
BOT,18.0,HARD,7,0-10,Normal,Low,Dry,0,Early,0
RUS,18.0,HARD,5,0-10,Normal,Low,Dry,0,Early,0
STR,18.0,HARD,3,0-10,Slower,Low,Dry,0,Early,0
ALB,18.0,SOFT,7,0-10,Normal,Low,Dry,0,Early,0
TSU,18.0,HARD,8,0-10,Normal,Low,Dry,0,Early,0
GAS,18.0,HARD,9,0-10,Normal,Low,Dry,0,Early,0
SAR,18.0,SOFT,6,0-10,Normal,Low,Dry,0,Early,0
DEV,18.0,HARD,7,0-10,Normal,Low,Dry,0,Early,0
NOR,18.0,SOFT,1,0-10,Slower,Low,Dry,0,Early,0
HUL,18.0,HARD,7,0-10,Slower,Low,Dry,0,Early,0
ZHO,18.0,HARD,6,0-10,Normal,Low,Dry,0,Early,0
MAG,18.0,HARD,3,0-10,Normal,Low,Dry,0,Early,0
OCO,18.0,HARD,3,0-10,Normal,Low,Dry,0,Early,0
VER,19.0,SOFT,5,0-10,Normal,Low,Dry,0,Early,0
LEC,19.0,HARD,6,0-10,Normal,Low,Dry,0,Early,0
PER,19.0,SOFT,2,0-10,Faster,Low,Dry,0,Early,0
SAI,19.0,HARD,6,0-10,Normal,Low,Dry,0,Early,0
HAM,19.0,HARD,7,0-10,Normal,Low,Dry,0,Early,0
ALO,19.0,HARD,5,0-10,Normal,Low,Dry,0,Early,0
RUS,19.0,HARD,6,0-10,Normal,Low,Dry,0,Early,0
BOT,19.0,HARD,8,0-10,Faster,Low,Dry,0,Early,0
STR,19.0,HARD,4,0-10,Normal,Low,Dry,0,Early,0
ALB,19.0,SOFT,8,0-10,Normal,Low,Dry,0,Early,0
TSU,19.0,HARD,9,0-10,Normal,Low,Dry,0,Early,0
GAS,19.0,HARD,10,0-10,Normal,Low,Dry,0,Early,0
SAR,19.0,SOFT,7,0-10,Normal,Low,Dry,0,Early,0
DEV,19.0,HARD,8,0-10,Normal,Low,Dry,0,Early,0
ZHO,19.0,HARD,7,0-10,Normal,Low,Dry,0,Early,0
HUL,19.0,HARD,8,0-10,Faster,Low,Dry,0,Early,0
MAG,19.0,HARD,4,0-10,Slower,Low,Dry,0,Early,0
OCO,19.0,HARD,4,0-10,Normal,Low,Dry,0,Early,0
NOR,19.0,SOFT,2,0-10,Faster,Low,Dry,0,Early,0
VER,20.0,SOFT,6,0-10,Normal,Low,Dry,0,Middle,0
LEC,20.0,HARD,7,0-10,Normal,Low,Dry,0,Middle,0
PER,20.0,SOFT,3,0-10,Normal,Low,Dry,0,Middle,0
SAI,20.0,HARD,7,0-10,Normal,Low,Dry,0,Middle,0
HAM,20.0,HARD,8,0-10,Normal,Low,Dry,0,Middle,0
ALO,20.0,HARD,6,0-10,Normal,Low,Dry,0,Middle,0
RUS,20.0,HARD,7,0-10,Normal,Low,Dry,0,Middle,0
BOT,20.0,HARD,9,0-10,Slower,Low,Dry,0,Middle,0
STR,20.0,HARD,5,0-10,Faster,Low,Dry,0,Middle,0
ALB,20.0,SOFT,9,0-10,Normal,Low,Dry,0,Middle,0
TSU,20.0,HARD,10,0-10,Normal,Low,Dry,0,Middle,0
GAS,20.0,HARD,11,11-20,Normal,Low,Dry,0,Middle,0
SAR,20.0,SOFT,8,0-10,Normal,Low,Dry,0,Middle,0
DEV,20.0,HARD,9,0-10,Normal,Low,Dry,0,Middle,0
ZHO,20.0,HARD,8,0-10,Normal,Low,Dry,0,Middle,0
HUL,20.0,HARD,9,0-10,Normal,Low,Dry,0,Middle,0
MAG,20.0,HARD,5,0-10,Normal,Low,Dry,0,Middle,0
OCO,20.0,HARD,5,0-10,Normal,Low,Dry,0,Middle,0
NOR,20.0,SOFT,3,0-10,Normal,Low,Dry,0,Middle,0
VER,21.0,SOFT,7,0-10,Normal,Low,Dry,0,Middle,0
LEC,21.0,HARD,8,0-10,Normal,Low,Dry,0,Middle,0
PER,21.0,SOFT,4,0-10,Normal,Low,Dry,0,Middle,0
SAI,21.0,HARD,8,0-10,Normal,Low,Dry,0,Middle,0
HAM,21.0,HARD,9,0-10,Normal,Low,Dry,0,Middle,0
ALO,21.0,HARD,7,0-10,Normal,Low,Dry,0,Middle,0
RUS,21.0,HARD,8,0-10,Normal,Low,Dry,0,Middle,0
STR,21.0,HARD,6,0-10,Normal,Low,Dry,0,Middle,0
BOT,21.0,HARD,10,0-10,Faster,Low,Dry,0,Middle,0
ALB,21.0,SOFT,10,0-10,Normal,Low,Dry,0,Middle,0
TSU,21.0,HARD,11,11-20,Normal,Low,Dry,0,Middle,0
GAS,21.0,HARD,12,11-20,Normal,Low,Dry,0,Middle,0
SAR,21.0,SOFT,9,0-10,Normal,Low,Dry,0,Middle,0
DEV,21.0,HARD,10,0-10,Normal,Low,Dry,0,Middle,0
ZHO,21.0,HARD,9,0-10,Normal,Low,Dry,0,Middle,0
HUL,21.0,HARD,10,0-10,Normal,Low,Dry,0,Middle,0
MAG,21.0,HARD,6,0-10,Normal,Low,Dry,0,Middle,0
OCO,21.0,HARD,6,0-10,Normal,Low,Dry,0,Middle,0
NOR,21.0,SOFT,4,0-10,Normal,Low,Dry,0,Middle,0
VER,22.0,SOFT,8,0-10,Normal,Low,Dry,0,Middle,0
LEC,22.0,HARD,9,0-10,Normal,Low,Dry,0,Middle,0
PER,22.0,SOFT,5,0-10,Normal,Low,Dry,0,Middle,0
SAI,22.0,HARD,9,0-10,Normal,Low,Dry,0,Middle,0
HAM,22.0,HARD,10,0-10,Normal,Low,Dry,0,Middle,0
ALO,22.0,HARD,8,0-10,Normal,Low,Dry,0,Middle,0
RUS,22.0,HARD,9,0-10,Normal,Low,Dry,0,Middle,0
STR,22.0,HARD,7,0-10,Normal,Low,Dry,0,Middle,0
BOT,22.0,HARD,11,11-20,Normal,Low,Dry,0,Middle,0
ALB,22.0,SOFT,11,11-20,Normal,Low,Dry,0,Middle,0
TSU,22.0,HARD,12,11-20,Normal,Low,Dry,0,Middle,0
GAS,22.0,HARD,13,11-20,Normal,Low,Dry,0,Middle,0
SAR,22.0,SOFT,10,0-10,Normal,Low,Dry,0,Middle,0
DEV,22.0,HARD,11,11-20,Normal,Low,Dry,0,Middle,0
ZHO,22.0,HARD,10,0-10,Normal,Low,Dry,0,Middle,0
HUL,22.0,HARD,11,11-20,Normal,Low,Dry,0,Middle,0
MAG,22.0,HARD,7,0-10,Normal,Low,Dry,0,Middle,0
OCO,22.0,HARD,7,0-10,Normal,Low,Dry,0,Middle,0
NOR,22.0,SOFT,5,0-10,Slower,Low,Dry,0,Middle,0
VER,23.0,SOFT,9,0-10,Normal,Low,Dry,0,Middle,0
LEC,23.0,HARD,10,0-10,Normal,Low,Dry,0,Middle,0
PER,23.0,SOFT,6,0-10,Normal,Low,Dry,0,Middle,0
SAI,23.0,HARD,10,0-10,Normal,Low,Dry,0,Middle,0
HAM,23.0,HARD,11,11-20,Normal,Low,Dry,0,Middle,0
ALO,23.0,HARD,9,0-10,Normal,Low,Dry,0,Middle,0
RUS,23.0,HARD,10,0-10,Normal,Low,Dry,0,Middle,0
STR,23.0,HARD,8,0-10,Normal,Low,Dry,0,Middle,0
BOT,23.0,HARD,12,11-20,Normal,Low,Dry,0,Middle,0
ALB,23.0,SOFT,12,11-20,Normal,Low,Dry,0,Middle,0
TSU,23.0,HARD,13,11-20,Normal,Low,Dry,0,Middle,0
GAS,23.0,HARD,14,11-20,Normal,Low,Dry,0,Middle,0
SAR,23.0,SOFT,11,11-20,Normal,Low,Dry,0,Middle,0
DEV,23.0,HARD,12,11-20,Normal,Low,Dry,0,Middle,0
ZHO,23.0,HARD,11,11-20,Normal,Low,Dry,0,Middle,0
HUL,23.0,HARD,12,11-20,Normal,Low,Dry,0,Middle,0
MAG,23.0,HARD,8,0-10,Normal,Low,Dry,0,Middle,0
OCO,23.0,HARD,8,0-10,Slower,Low,Dry,0,Middle,0
NOR,23.0,SOFT,6,0-10,Faster,Low,Dry,0,Middle,0
VER,24.0,SOFT,10,0-10,Normal,Low,Dry,0,Middle,0
LEC,24.0,HARD,11,11-20,Normal,Low,Dry,0,Middle,0
PER,24.0,SOFT,7,0-10,Normal,Low,Dry,0,Middle,0
SAI,24.0,HARD,11,11-20,Normal,Low,Dry,0,Middle,0
HAM,24.0,HARD,12,11-20,Normal,Low,Dry,0,Middle,0
ALO,24.0,HARD,10,0-10,Normal,Low,Dry,0,Middle,0
RUS,24.0,HARD,11,11-20,Normal,Low,Dry,0,Middle,0
STR,24.0,HARD,9,0-10,Normal,Low,Dry,0,Middle,0
BOT,24.0,HARD,13,11-20,Normal,Low,Dry,0,Middle,0
ALB,24.0,SOFT,13,11-20,Normal,Low,Dry,0,Middle,0
TSU,24.0,HARD,14,11-20,Normal,Low,Dry,0,Middle,0
GAS,24.0,HARD,15,11-20,Normal,Low,Dry,0,Middle,1
SAR,24.0,SOFT,12,11-20,Normal,Low,Dry,0,Middle,0
DEV,24.0,HARD,13,11-20,Normal,Low,Dry,0,Middle,0
ZHO,24.0,HARD,12,11-20,Normal,Low,Dry,0,Middle,0
HUL,24.0,HARD,13,11-20,Normal,Low,Dry,0,Middle,0
MAG,24.0,HARD,9,0-10,Normal,Low,Dry,0,Middle,0
NOR,24.0,SOFT,7,0-10,Normal,Low,Dry,0,Middle,0
OCO,24.0,HARD,9,0-10,Faster,Low,Dry,0,Middle,0
VER,25.0,SOFT,11,11-20,Normal,Low,Dry,0,Middle,0
LEC,25.0,HARD,12,11-20,Slower,Low,Dry,0,Middle,0
PER,25.0,SOFT,8,0-10,Slower,Low,Dry,0,Middle,0
SAI,25.0,HARD,12,11-20,Normal,Low,Dry,0,Middle,0
HAM,25.0,HARD,13,11-20,Normal,Low,Dry,0,Middle,0
ALO,25.0,HARD,11,11-20,Normal,Low,Dry,0,Middle,0
RUS,25.0,HARD,12,11-20,Normal,Low,Dry,0,Middle,0
STR,25.0,HARD,10,0-10,Normal,Low,Dry,0,Middle,0
BOT,25.0,HARD,14,11-20,Normal,Low,Dry,0,Middle,0
ALB,25.0,SOFT,14,11-20,Normal,Low,Dry,0,Middle,1
TSU,25.0,HARD,15,11-20,Normal,Low,Dry,0,Middle,1
GAS,25.0,HARD,16,11-20,Slower,Low,Dry,0,Middle,0
SAR,25.0,SOFT,13,11-20,Normal,Low,Dry,0,Middle,0
DEV,25.0,HARD,14,11-20,Slower,Low,Dry,0,Middle,0
ZHO,25.0,HARD,13,11-20,Normal,Low,Dry,0,Middle,0
HUL,25.0,HARD,14,11-20,Normal,Low,Dry,0,Middle,1
MAG,25.0,HARD,10,0-10,Slower,Low,Dry,0,Middle,0
NOR,25.0,SOFT,8,0-10,Normal,Low,Dry,0,Middle,0
OCO,25.0,HARD,10,0-10,Normal,Low,Dry,0,Middle,0
VER,26.0,SOFT,12,11-20,Normal,Low,Dry,0,Middle,0
LEC,26.0,HARD,13,11-20,Slower,Low,Dry,0,Middle,0
PER,26.0,SOFT,9,0-10,Faster,Low,Dry,0,Middle,0
SAI,26.0,HARD,13,11-20,Normal,Low,Dry,0,Middle,0
HAM,26.0,HARD,14,11-20,Normal,Low,Dry,0,Middle,0
ALO,26.0,HARD,12,11-20,Normal,Low,Dry,0,Middle,0
RUS,26.0,HARD,13,11-20,Normal,Low,Dry,0,Middle,0
STR,26.0,HARD,11,11-20,Normal,Low,Dry,0,Middle,0
BOT,26.0,HARD,15,11-20,Normal,Low,Dry,0,Middle,0
ALB,26.0,SOFT,15,11-20,Slower,Low,Dry,0,Middle,0
TSU,26.0,HARD,16,11-20,Slower,Low,Dry,0,Middle,0
GAS,26.0,HARD,1,0-10,Slower,Low,Dry,0,Middle,0
SAR,26.0,SOFT,14,11-20,Normal,Low,Dry,0,Middle,0
ZHO,26.0,HARD,14,11-20,Normal,Low,Dry,0,Middle,0
DEV,26.0,HARD,15,11-20,Faster,Low,Dry,0,Middle,1
HUL,26.0,HARD,15,11-20,Slower,Low,Dry,0,Middle,0
MAG,26.0,HARD,11,11-20,Normal,Low,Dry,0,Middle,0
NOR,26.0,SOFT,9,0-10,Normal,Low,Dry,0,Middle,1
OCO,26.0,HARD,11,11-20,Normal,Low,Dry,0,Middle,0
VER,27.0,SOFT,13,11-20,Normal,Low,Dry,0,Middle,0
PER,27.0,SOFT,10,0-10,Normal,Low,Dry,0,Middle,0
LEC,27.0,HARD,14,11-20,Faster,Low,Dry,0,Middle,0
SAI,27.0,HARD,14,11-20,Normal,Low,Dry,0,Middle,0
HAM,27.0,HARD,15,11-20,Normal,Low,Dry,0,Middle,0
ALO,27.0,HARD,13,11-20,Normal,Low,Dry,0,Middle,0
RUS,27.0,HARD,14,11-20,Normal,Low,Dry,0,Middle,0
STR,27.0,HARD,12,11-20,Slower,Low,Dry,0,Middle,0
BOT,27.0,HARD,16,11-20,Normal,Low,Dry,0,Middle,0
ALB,27.0,HARD,1,0-10,Slower,Low,Dry,0,Middle,0
TSU,27.0,HARD,1,0-10,Slower,Low,Dry,0,Middle,0
SAR,27.0,SOFT,15,11-20,Normal,Low,Dry,0,Middle,0
ZHO,27.0,HARD,15,11-20,Normal,Low,Dry,0,Middle,0
DEV,27.0,HARD,16,11-20,Slower,Low,Dry,0,Middle,0
MAG,27.0,HARD,12,11-20,Normal,Low,Dry,0,Middle,0
HUL,27.0,HARD,1,0-10,Slower,Low,Dry,0,Middle,0
GAS,27.0,HARD,2,0-10,Faster,Low,Dry,0,Middle,0
NOR,27.0,SOFT,10,0-10,Slower,Low,Dry,0,Middle,0
OCO,27.0,HARD,12,11-20,Normal,Low,Dry,0,Middle,0
VER,28.0,SOFT,14,11-20,Normal,Low,Dry,0,Middle,0
PER,28.0,SOFT,11,11-20,Normal,Low,Dry,0,Middle,0
LEC,28.0,HARD,15,11-20,Normal,Low,Dry,0,Middle,0
SAI,28.0,HARD,15,11-20,Normal,Low,Dry,0,Middle,0
HAM,28.0,HARD,16,11-20,Normal,Low,Dry,0,Middle,0
ALO,28.0,HARD,14,11-20,Normal,Low,Dry,0,Middle,0
RUS,28.0,HARD,15,11-20,Normal,Low,Dry,0,Middle,0
STR,28.0,HARD,13,11-20,Normal,Low,Dry,0,Middle,0
BOT,28.0,HARD,17,11-20,Normal,Low,Dry,0,Middle,1
SAR,28.0,SOFT,16,11-20,Normal,Low,Dry,0,Middle,0
ZHO,28.0,HARD,16,11-20,Normal,Low,Dry,0,Middle,0
DEV,28.0,HARD,1,0-10,Slower,Low,Dry,0,Middle,0
MAG,28.0,HARD,13,11-20,Normal,Low,Dry,0,Middle,1
ALB,28.0,HARD,2,0-10,Faster,Low,Dry,0,Middle,0
GAS,28.0,HARD,3,0-10,Faster,Low,Dry,0,Middle,0
TSU,28.0,HARD,2,0-10,Faster,Low,Dry,0,Middle,0
NOR,28.0,MEDIUM,1,0-10,Slower,Low,Dry,0,Middle,0
OCO,28.0,HARD,13,11-20,Normal,Low,Dry,0,Middle,0
VER,29.0,SOFT,15,11-20,Normal,Low,Dry,0,Middle,0
HUL,28.0,HARD,2,0-10,Faster,Low,Dry,0,Middle,0
PER,29.0,SOFT,12,11-20,Slower,Low,Dry,0,Middle,0
LEC,29.0,HARD,16,11-20,Normal,Low,Dry,0,Middle,0
SAI,29.0,HARD,16,11-20,Normal,Low,Dry,0,Middle,0
HAM,29.0,HARD,17,11-20,Normal,Low,Dry,0,Middle,1
ALO,29.0,HARD,15,11-20,Normal,Low,Dry,0,Middle,0
RUS,29.0,HARD,16,11-20,Normal,Low,Dry,0,Middle,0
STR,29.0,HARD,14,11-20,Normal,Low,Dry,0,Middle,1
BOT,29.0,HARD,18,11-20,Slower,Low,Dry,0,Middle,0
SAR,29.0,SOFT,17,11-20,Normal,Low,Dry,0,Middle,1
ZHO,29.0,HARD,17,11-20,Normal,Low,Dry,0,Middle,0
MAG,29.0,HARD,14,11-20,Slower,Low,Dry,0,Middle,0
ALB,29.0,HARD,3,0-10,Slower,Low,Dry,0,Middle,0
GAS,29.0,HARD,4,0-10,Normal,Low,Dry,0,Middle,0
TSU,29.0,HARD,3,0-10,Normal,Low,Dry,0,Middle,0
DEV,29.0,HARD,2,0-10,Faster,Low,Dry,0,Middle,0
OCO,29.0,HARD,14,11-20,Slower,Low,Dry,0,Middle,0
VER,30.0,SOFT,16,11-20,Normal,Low,Dry,0,Middle,0
HUL,29.0,HARD,3,0-10,Normal,Low,Dry,0,Middle,0
PER,30.0,SOFT,13,11-20,Normal,Low,Dry,0,Middle,0
LEC,30.0,HARD,17,11-20,Normal,Low,Dry,0,Middle,0
NOR,29.0,MEDIUM,2,0-10,Faster,Low,Dry,0,Middle,0
SAI,30.0,HARD,17,11-20,Normal,Low,Dry,0,Middle,1
HAM,30.0,HARD,18,11-20,Slower,Low,Dry,0,Middle,0
ALO,30.0,HARD,16,11-20,Normal,Low,Dry,0,Middle,0
RUS,30.0,HARD,17,11-20,Normal,Low,Dry,0,Middle,1
STR,30.0,HARD,15,11-20,Slower,Low,Dry,0,Middle,0
BOT,30.0,HARD,1,0-10,Slower,Low,Dry,0,Middle,0
SAR,30.0,SOFT,18,11-20,Slower,Low,Dry,0,Middle,0
ZHO,30.0,HARD,18,11-20,Normal,Low,Dry,0,Middle,0
ALB,30.0,HARD,4,0-10,Normal,Low,Dry,0,Middle,0
MAG,30.0,SOFT,1,0-10,Slower,Low,Dry,0,Middle,0
GAS,30.0,HARD,5,0-10,Normal,Low,Dry,0,Middle,0
TSU,30.0,HARD,4,0-10,Normal,Low,Dry,0,Middle,0
DEV,30.0,HARD,3,0-10,Normal,Low,Dry,0,Middle,0
VER,31.0,SOFT,17,11-20,Normal,Low,Dry,0,Middle,0
OCO,30.0,HARD,15,11-20,Faster,Low,Dry,0,Middle,0
HUL,30.0,HARD,4,0-10,Normal,Low,Dry,0,Middle,0
PER,31.0,SOFT,14,11-20,Slower,Low,Dry,0,Middle,0
LEC,31.0,HARD,18,11-20,Normal,Low,Dry,0,Middle,0
NOR,30.0,MEDIUM,3,0-10,Normal,Low,Dry,0,Middle,0
SAI,31.0,HARD,18,11-20,Slower,Low,Dry,0,Middle,0
ALO,31.0,HARD,17,11-20,Normal,Low,Dry,0,Middle,0
HAM,31.0,HARD,1,0-10,Slower,Low,Dry,0,Middle,0
RUS,31.0,HARD,18,11-20,Slower,Low,Dry,0,Middle,0
STR,31.0,HARD,1,0-10,Slower,Low,Dry,0,Middle,0
ZHO,31.0,HARD,19,11-20,Normal,Low,Dry,0,Middle,1
SAR,31.0,HARD,1,0-10,Slower,Low,Dry,0,Middle,0
BOT,31.0,HARD,2,0-10,Faster,Low,Dry,0,Middle,0
ALB,31.0,HARD,5,0-10,Normal,Low,Dry,0,Middle,0
GAS,31.0,HARD,6,0-10,Normal,Low,Dry,0,Middle,0
TSU,31.0,HARD,5,0-10,Normal,Low,Dry,0,Middle,0
DEV,31.0,HARD,4,0-10,Normal,Low,Dry,0,Middle,0
VER,32.0,SOFT,18,11-20,Normal,Low,Dry,0,Middle,0
OCO,31.0,HARD,16,11-20,Normal,Low,Dry,0,Middle,1
MAG,31.0,SOFT,2,0-10,Faster,Low,Dry,0,Middle,0
HUL,31.0,HARD,5,0-10,Normal,Low,Dry,0,Middle,0
PER,32.0,SOFT,15,11-20,Normal,Low,Dry,0,Middle,0
LEC,32.0,HARD,19,11-20,Normal,Low,Dry,0,Middle,1
NOR,31.0,MEDIUM,4,0-10,Normal,Low,Dry,0,Middle,0
SAI,32.0,HARD,1,0-10,Slower,Low,Dry,0,Middle,0
ALO,32.0,HARD,18,11-20,Normal,Low,Dry,0,Middle,0
RUS,32.0,HARD,1,0-10,Slower,Low,Dry,0,Middle,0
HAM,32.0,HARD,2,0-10,Faster,Low,Dry,0,Middle,0
STR,32.0,HARD,2,0-10,Faster,Low,Dry,0,Middle,0
ZHO,32.0,HARD,20,11-20,Slower,Low,Dry,0,Middle,0
BOT,32.0,HARD,3,0-10,Normal,Low,Dry,0,Middle,0
ALB,32.0,HARD,6,0-10,Normal,Low,Dry,0,Middle,0
GAS,32.0,HARD,7,0-10,Normal,Low,Dry,0,Middle,0
TSU,32.0,HARD,6,0-10,Normal,Low,Dry,0,Middle,0
SAR,32.0,HARD,2,0-10,Faster,Low,Dry,0,Middle,0
DEV,32.0,HARD,5,0-10,Normal,Low,Dry,0,Middle,0
VER,33.0,SOFT,19,11-20,Normal,Low,Dry,0,Middle,0
OCO,32.0,HARD,17,11-20,Slower,Low,Dry,0,Middle,0
MAG,32.0,SOFT,3,0-10,Faster,Low,Dry,0,Middle,0
HUL,32.0,HARD,6,0-10,Normal,Low,Dry,0,Middle,0
PER,33.0,SOFT,16,11-20,Normal,Low,Dry,0,Middle,1
LEC,33.0,HARD,20,11-20,Slower,Low,Dry,0,Middle,0
NOR,32.0,MEDIUM,5,0-10,Normal,Low,Dry,0,Middle,0
ALO,33.0,HARD,19,11-20,Normal,Low,Dry,0,Middle,1
SAI,33.0,HARD,2,0-10,Faster,Low,Dry,0,Middle,0
HAM,33.0,HARD,3,0-10,Normal,Low,Dry,0,Middle,0
STR,33.0,HARD,3,0-10,Slower,Low,Dry,0,Middle,0
RUS,33.0,HARD,2,0-10,Faster,Low,Dry,0,Middle,0
BOT,33.0,HARD,4,0-10,Normal,Low,Dry,0,Middle,0
ZHO,33.0,SOFT,1,0-10,Slower,Low,Dry,0,Middle,0
ALB,33.0,HARD,7,0-10,Normal,Low,Dry,0,Middle,0
GAS,33.0,HARD,8,0-10,Normal,Low,Dry,0,Middle,0
TSU,33.0,HARD,7,0-10,Normal,Low,Dry,0,Middle,0
SAR,33.0,HARD,3,0-10,Normal,Low,Dry,0,Middle,0
DEV,33.0,HARD,6,0-10,Normal,Low,Dry,0,Middle,0
VER,34.0,SOFT,20,11-20,Normal,Low,Dry,0,Middle,0
MAG,33.0,SOFT,4,0-10,Faster,Low,Dry,0,Middle,0
HUL,33.0,HARD,7,0-10,Normal,Low,Dry,0,Middle,0
OCO,33.0,HARD,1,0-10,Slower,Low,Dry,0,Middle,0
PER,34.0,SOFT,17,11-20,Slower,Low,Dry,0,Middle,0
NOR,33.0,MEDIUM,6,0-10,Faster,Low,Dry,0,Middle,0
LEC,34.0,HARD,1,0-10,Slower,Low,Dry,0,Middle,0
ALO,34.0,HARD,20,11-20,Slower,Low,Dry,0,Middle,0
SAI,34.0,HARD,3,0-10,Normal,Low,Dry,0,Middle,0
HAM,34.0,HARD,4,0-10,Slower,Low,Dry,0,Middle,0
STR,34.0,HARD,4,0-10,Normal,Low,Dry,0,Middle,0
RUS,34.0,HARD,3,0-10,Normal,Low,Dry,0,Middle,0
BOT,34.0,HARD,5,0-10,Normal,Low,Dry,0,Middle,0
ALB,34.0,HARD,8,0-10,Normal,Low,Dry,0,Middle,0
GAS,34.0,HARD,9,0-10,Normal,Low,Dry,0,Middle,0
TSU,34.0,HARD,8,0-10,Normal,Low,Dry,0,Middle,0
SAR,34.0,HARD,4,0-10,Normal,Low,Dry,0,Middle,0
DEV,34.0,HARD,7,0-10,Normal,Low,Dry,0,Middle,0
VER,35.0,SOFT,21,21-30,Normal,Low,Dry,0,Middle,1
ZHO,34.0,SOFT,2,0-10,Faster,Low,Dry,0,Middle,0
MAG,34.0,SOFT,5,0-10,Normal,Low,Dry,0,Middle,0
HUL,34.0,HARD,8,0-10,Normal,Low,Dry,0,Middle,0
PER,35.0,HARD,1,0-10,Slower,Low,Dry,0,Middle,0
NOR,34.0,MEDIUM,7,0-10,Normal,Low,Dry,0,Middle,0
ALO,35.0,HARD,1,0-10,Slower,Low,Dry,0,Middle,0
LEC,35.0,HARD,2,0-10,Faster,Low,Dry,0,Middle,0
OCO,34.0,HARD,2,0-10,Faster,Low,Dry,0,Middle,0
SAI,35.0,HARD,4,0-10,Normal,Low,Dry,0,Middle,0
HAM,35.0,HARD,5,0-10,Faster,Low,Dry,0,Middle,0
STR,35.0,HARD,5,0-10,Normal,Low,Dry,0,Middle,0
RUS,35.0,HARD,4,0-10,Normal,Low,Dry,0,Middle,0
BOT,35.0,HARD,6,0-10,Normal,Low,Dry,0,Middle,0
ALB,35.0,HARD,9,0-10,Normal,Low,Dry,0,Middle,0
GAS,35.0,HARD,10,0-10,Normal,Low,Dry,0,Middle,0
TSU,35.0,HARD,9,0-10,Normal,Low,Dry,0,Middle,0
SAR,35.0,HARD,5,0-10,Normal,Low,Dry,0,Middle,0
DEV,35.0,HARD,8,0-10,Normal,Low,Dry,0,Middle,0
VER,36.0,SOFT,22,21-30,Slower,Low,Dry,0,Middle,0
ZHO,35.0,SOFT,3,0-10,Slower,Low,Dry,0,Middle,0
MAG,35.0,SOFT,6,0-10,Normal,Low,Dry,0,Middle,0
HUL,35.0,HARD,9,0-10,Normal,Low,Dry,0,Middle,0
NOR,35.0,MEDIUM,8,0-10,Normal,Low,Dry,0,Middle,0
PER,36.0,HARD,2,0-10,Faster,Low,Dry,0,Middle,0
LEC,36.0,HARD,3,0-10,Faster,Low,Dry,0,Middle,0
OCO,35.0,HARD,3,0-10,Normal,Low,Dry,0,Middle,0
SAI,36.0,HARD,5,0-10,Normal,Low,Dry,0,Middle,0
HAM,36.0,HARD,6,0-10,Normal,Low,Dry,0,Middle,0
ALO,36.0,HARD,2,0-10,Faster,Low,Dry,0,Middle,0
STR,36.0,HARD,6,0-10,Normal,Low,Dry,0,Middle,0
RUS,36.0,HARD,5,0-10,Normal,Low,Dry,0,Middle,0
BOT,36.0,HARD,7,0-10,Normal,Low,Dry,0,Middle,0
ALB,36.0,HARD,10,0-10,Normal,Low,Dry,0,Middle,0
GAS,36.0,HARD,11,11-20,Normal,Low,Dry,0,Middle,0
TSU,36.0,HARD,10,0-10,Normal,Low,Dry,0,Middle,0
SAR,36.0,HARD,6,0-10,Normal,Low,Dry,0,Middle,0
DEV,36.0,HARD,9,0-10,Normal,Low,Dry,0,Middle,0
ZHO,36.0,SOFT,4,0-10,Normal,Low,Dry,0,Middle,0
VER,37.0,HARD,1,0-10,Slower,Low,Dry,0,Middle,0
MAG,36.0,SOFT,7,0-10,Normal,Low,Dry,0,Middle,0
HUL,36.0,HARD,10,0-10,Normal,Low,Dry,0,Middle,0
NOR,36.0,MEDIUM,9,0-10,Slower,Low,Dry,0,Middle,1
PER,37.0,HARD,3,0-10,Normal,Low,Dry,0,Middle,0
LEC,37.0,HARD,4,0-10,Normal,Low,Dry,0,Middle,0
OCO,36.0,HARD,4,0-10,Normal,Low,Dry,0,Middle,0
SAI,37.0,HARD,6,0-10,Faster,Low,Dry,0,Middle,0
HAM,37.0,HARD,7,0-10,Slower,Low,Dry,0,Middle,0
ALO,37.0,HARD,3,0-10,Slower,Low,Dry,0,Middle,0
STR,37.0,HARD,7,0-10,Normal,Low,Dry,0,Middle,0
RUS,37.0,HARD,6,0-10,Normal,Low,Dry,0,Middle,0
BOT,37.0,HARD,8,0-10,Normal,Low,Dry,0,Middle,0
ALB,37.0,HARD,11,11-20,Normal,Low,Dry,0,Middle,0
GAS,37.0,HARD,12,11-20,Normal,Low,Dry,0,Middle,0
TSU,37.0,HARD,11,11-20,Normal,Low,Dry,0,Middle,0
SAR,37.0,HARD,7,0-10,Normal,Low,Dry,0,Middle,0
DEV,37.0,HARD,10,0-10,Normal,Low,Dry,0,Middle,0
ZHO,37.0,SOFT,5,0-10,Normal,Low,Dry,0,Middle,0
MAG,37.0,SOFT,8,0-10,Normal,Low,Dry,0,Middle,0
HUL,37.0,HARD,11,11-20,Normal,Low,Dry,0,Middle,0
VER,38.0,HARD,2,0-10,Faster,Low,Dry,0,Middle,0
NOR,37.0,MEDIUM,10,0-10,Normal,Low,Dry,0,Middle,0
PER,38.0,HARD,4,0-10,Normal,Low,Dry,0,Middle,0
LEC,38.0,HARD,5,0-10,Normal,Low,Dry,0,Middle,0
OCO,37.0,HARD,5,0-10,Normal,Low,Dry,0,Middle,0
SAI,38.0,HARD,7,0-10,Normal,Low,Dry,0,Middle,0
HAM,38.0,HARD,8,0-10,Slower,Low,Dry,0,Middle,0
ALO,38.0,HARD,4,0-10,Normal,Low,Dry,0,Middle,0
STR,38.0,HARD,8,0-10,Normal,Low,Dry,0,Middle,0
RUS,38.0,HARD,7,0-10,Normal,Low,Dry,0,Middle,0
BOT,38.0,HARD,9,0-10,Normal,Low,Dry,0,Middle,0
ALB,38.0,HARD,12,11-20,Normal,Low,Dry,0,Middle,0
GAS,38.0,HARD,13,11-20,Normal,Low,Dry,0,Middle,0
TSU,38.0,HARD,12,11-20,Normal,Low,Dry,0,Middle,0
SAR,38.0,HARD,8,0-10,Normal,Low,Dry,0,Middle,0
DEV,38.0,HARD,11,11-20,Normal,Low,Dry,0,Middle,0
ZHO,38.0,SOFT,6,0-10,Normal,Low,Dry,0,Middle,0
MAG,38.0,SOFT,9,0-10,Normal,Low,Dry,0,Middle,0
HUL,38.0,HARD,12,11-20,Normal,Low,Dry,0,Middle,0
VER,39.0,HARD,3,0-10,Normal,Low,Dry,0,Late,0
NOR,38.0,HARD,1,0-10,Slower,Low,Dry,0,Middle,0
PER,39.0,HARD,5,0-10,Normal,Low,Dry,0,Late,0
LEC,39.0,HARD,6,0-10,Normal,Low,Dry,0,Late,0
OCO,38.0,HARD,6,0-10,Normal,Low,Dry,0,Middle,0
SAI,39.0,HARD,8,0-10,Normal,Low,Dry,0,Late,0
ALO,39.0,HARD,5,0-10,Normal,Low,Dry,0,Late,0
HAM,39.0,HARD,9,0-10,Faster,Low,Dry,0,Late,0
STR,39.0,HARD,9,0-10,Normal,Low,Dry,0,Late,0
RUS,39.0,HARD,8,0-10,Normal,Low,Dry,0,Late,0
BOT,39.0,HARD,10,0-10,Normal,Low,Dry,0,Late,0
ALB,39.0,HARD,13,11-20,Normal,Low,Dry,0,Late,1
GAS,39.0,HARD,14,11-20,Normal,Low,Dry,0,Late,1
TSU,39.0,HARD,13,11-20,Normal,Low,Dry,0,Late,1
SAR,39.0,HARD,9,0-10,Normal,Low,Dry,0,Late,1
DEV,39.0,HARD,12,11-20,Normal,Low,Dry,0,Late,0
ZHO,39.0,SOFT,7,0-10,Normal,Low,Dry,0,Late,0
MAG,39.0,SOFT,10,0-10,Normal,Low,Dry,0,Late,1
HUL,39.0,HARD,13,11-20,Normal,Low,Dry,0,Late,1
VER,40.0,HARD,4,0-10,Normal,Low,Dry,0,Late,0
PER,40.0,HARD,6,0-10,Slower,Low,Dry,0,Late,0
OCO,39.0,HARD,7,0-10,Normal,Low,Dry,0,Late,0
SAI,40.0,HARD,9,0-10,Normal,Low,Dry,0,Late,0
ALO,40.0,HARD,6,0-10,Normal,Low,Dry,0,Late,0
HAM,40.0,HARD,10,0-10,Normal,Low,Dry,0,Late,0
NOR,39.0,HARD,2,0-10,Faster,Low,Dry,0,Late,0
STR,40.0,HARD,10,0-10,Normal,Low,Dry,0,Late,0
RUS,40.0,HARD,9,0-10,Slower,Low,Dry,0,Late,0
BOT,40.0,HARD,11,11-20,Slower,Low,Dry,0,Late,0
ALB,40.0,HARD,14,11-20,Slower,Low,Dry,0,Late,0
GAS,40.0,HARD,15,11-20,Slower,Low,Dry,0,Late,0
TSU,40.0,HARD,14,11-20,Slower,Low,Dry,0,Late,0
SAR,40.0,HARD,10,0-10,Slower,Low,Dry,0,Late,0
DEV,40.0,HARD,13,11-20,Slower,Low,Dry,0,Late,0
ZHO,40.0,SOFT,8,0-10,Slower,Low,Dry,0,Late,0
MAG,40.0,SOFT,11,11-20,Slower,Low,Dry,0,Late,0
HUL,40.0,HARD,14,11-20,Slower,Low,Dry,0,Late,0
VER,41.0,HARD,5,0-10,Slower,Low,Dry,0,Late,0
PER,41.0,HARD,7,0-10,Slower,Low,Dry,0,Late,0
OCO,40.0,HARD,8,0-10,Slower,Low,Dry,0,Late,1
SAI,41.0,HARD,10,0-10,Slower,Low,Dry,0,Late,0
ALO,41.0,HARD,7,0-10,Slower,Low,Dry,0,Late,0
HAM,41.0,HARD,11,11-20,Slower,Low,Dry,0,Late,0
NOR,40.0,HARD,3,0-10,Slower,Low,Dry,0,Late,0
STR,41.0,HARD,11,11-20,Slower,Low,Dry,0,Late,0
RUS,41.0,HARD,10,0-10,Slower,Low,Dry,0,Late,0
BOT,41.0,HARD,12,11-20,Slower,Low,Dry,0,Late,0
ALB,41.0,SOFT,1,0-10,Slower,Low,Dry,0,Late,0
GAS,41.0,SOFT,1,0-10,Slower,Low,Dry,0,Late,0
TSU,41.0,SOFT,1,0-10,Slower,Low,Dry,0,Late,0
SAR,41.0,SOFT,1,0-10,Slower,Low,Dry,0,Late,0
DEV,41.0,HARD,14,11-20,Slower,Low,Dry,0,Late,0
ZHO,41.0,SOFT,9,0-10,Faster,Low,Dry,0,Late,0
MAG,41.0,SOFT,1,0-10,Slower,Low,Dry,0,Late,0
HUL,41.0,SOFT,1,0-10,Slower,Low,Dry,0,Late,0
VER,42.0,HARD,6,0-10,Faster,Low,Dry,0,Late,0
PER,42.0,HARD,8,0-10,Faster,Low,Dry,0,Late,0
OCO,41.0,HARD,9,0-10,Faster,Low,Dry,0,Late,0
SAI,42.0,HARD,11,11-20,Faster,Low,Dry,0,Late,0
ALO,42.0,HARD,8,0-10,Faster,Low,Dry,0,Late,0
HAM,42.0,HARD,12,11-20,Faster,Low,Dry,0,Late,0
NOR,41.0,HARD,4,0-10,Faster,Low,Dry,0,Late,0
STR,42.0,HARD,12,11-20,Faster,Low,Dry,0,Late,0
RUS,42.0,HARD,11,11-20,Faster,Low,Dry,0,Late,0
BOT,42.0,HARD,13,11-20,Faster,Low,Dry,0,Late,0
ALB,42.0,SOFT,2,0-10,Faster,Low,Dry,0,Late,0
GAS,42.0,SOFT,2,0-10,Faster,Low,Dry,0,Late,0
DEV,42.0,HARD,15,11-20,Faster,Low,Dry,0,Late,0
ZHO,42.0,SOFT,10,0-10,Faster,Low,Dry,0,Late,0
TSU,42.0,SOFT,2,0-10,Faster,Low,Dry,0,Late,0
SAR,42.0,SOFT,2,0-10,Faster,Low,Dry,0,Late,0
VER,43.0,HARD,7,0-10,Faster,Low,Dry,0,Late,0
MAG,42.0,SOFT,2,0-10,Faster,Low,Dry,0,Late,0
PER,43.0,HARD,9,0-10,Faster,Low,Dry,0,Late,0
HUL,42.0,SOFT,2,0-10,Faster,Low,Dry,0,Late,0
SAI,43.0,HARD,12,11-20,Normal,Low,Dry,0,Late,0
ALO,43.0,HARD,9,0-10,Slower,Low,Dry,0,Late,0
HAM,43.0,HARD,13,11-20,Normal,Low,Dry,0,Late,0
NOR,42.0,HARD,5,0-10,Normal,Low,Dry,0,Late,0
STR,43.0,HARD,13,11-20,Normal,Low,Dry,0,Late,0
RUS,43.0,HARD,12,11-20,Normal,Low,Dry,0,Late,0
BOT,43.0,HARD,14,11-20,Normal,Low,Dry,0,Late,0
GAS,43.0,SOFT,3,0-10,Slower,Low,Dry,0,Late,0
ALB,43.0,SOFT,3,0-10,Normal,Low,Dry,0,Late,0
TSU,43.0,SOFT,3,0-10,Normal,Low,Dry,0,Late,0
DEV,43.0,HARD,16,11-20,Normal,Low,Dry,0,Late,0
ZHO,43.0,SOFT,11,11-20,Faster,Low,Dry,0,Late,0
SAR,43.0,SOFT,3,0-10,Slower,Low,Dry,0,Late,0
VER,44.0,HARD,8,0-10,Faster,Low,Dry,0,Late,0
MAG,43.0,SOFT,3,0-10,Normal,Low,Dry,0,Late,0
PER,44.0,HARD,10,0-10,Normal,Low,Dry,0,Late,0
HUL,43.0,SOFT,3,0-10,Normal,Low,Dry,0,Late,0
SAI,44.0,HARD,13,11-20,Normal,Low,Dry,0,Late,0
ALO,44.0,HARD,10,0-10,Normal,Low,Dry,0,Late,0
HAM,44.0,HARD,14,11-20,Normal,Low,Dry,0,Late,0
NOR,43.0,HARD,6,0-10,Normal,Low,Dry,0,Late,0
STR,44.0,HARD,14,11-20,Normal,Low,Dry,0,Late,0
RUS,44.0,HARD,13,11-20,Normal,Low,Dry,0,Late,0
BOT,44.0,HARD,15,11-20,Normal,Low,Dry,0,Late,0
GAS,44.0,SOFT,4,0-10,Normal,Low,Dry,0,Late,0
ALB,44.0,SOFT,4,0-10,Normal,Low,Dry,0,Late,0
TSU,44.0,SOFT,4,0-10,Normal,Low,Dry,0,Late,0
ZHO,44.0,SOFT,12,11-20,Normal,Low,Dry,0,Late,0
DEV,44.0,HARD,17,11-20,Faster,Low,Dry,0,Late,0
SAR,44.0,SOFT,4,0-10,Slower,Low,Dry,0,Late,0
VER,45.0,HARD,9,0-10,Slower,Low,Dry,0,Late,0
MAG,44.0,SOFT,4,0-10,Normal,Low,Dry,0,Late,0
PER,45.0,HARD,11,11-20,Normal,Low,Dry,0,Late,0
HUL,44.0,SOFT,4,0-10,Normal,Low,Dry,0,Late,0
SAI,45.0,HARD,14,11-20,Slower,Low,Dry,0,Late,0
ALO,45.0,HARD,11,11-20,Slower,Low,Dry,0,Late,0
HAM,45.0,HARD,15,11-20,Slower,Low,Dry,0,Late,0
NOR,44.0,HARD,7,0-10,Slower,Low,Dry,0,Late,0
STR,45.0,HARD,15,11-20,Normal,Low,Dry,0,Late,0
RUS,45.0,HARD,14,11-20,Normal,Low,Dry,0,Late,0
BOT,45.0,HARD,16,11-20,Normal,Low,Dry,0,Late,0
GAS,45.0,SOFT,5,0-10,Normal,Low,Dry,0,Late,0
ALB,45.0,SOFT,5,0-10,Normal,Low,Dry,0,Late,0
TSU,45.0,SOFT,5,0-10,Normal,Low,Dry,0,Late,0
ZHO,45.0,SOFT,13,11-20,Normal,Low,Dry,0,Late,0
SAR,45.0,SOFT,5,0-10,Normal,Low,Dry,0,Late,0
DEV,45.0,HARD,18,11-20,Faster,Low,Dry,0,Late,0
VER,46.0,HARD,10,0-10,Normal,Low,Dry,0,Late,0
MAG,45.0,SOFT,5,0-10,Slower,Low,Dry,0,Late,0
PER,46.0,HARD,12,11-20,Normal,Low,Dry,0,Late,0
HUL,45.0,SOFT,5,0-10,Normal,Low,Dry,0,Late,0
ALO,46.0,HARD,12,11-20,Faster,Low,Dry,0,Late,0
SAI,46.0,HARD,15,11-20,Faster,Low,Dry,0,Late,0
HAM,46.0,HARD,16,11-20,Normal,Low,Dry,0,Late,0
NOR,45.0,HARD,8,0-10,Normal,Low,Dry,0,Late,0
STR,46.0,HARD,16,11-20,Normal,Low,Dry,0,Late,0
RUS,46.0,HARD,15,11-20,Normal,Low,Dry,0,Late,0
BOT,46.0,HARD,17,11-20,Normal,Low,Dry,0,Late,0
GAS,46.0,SOFT,6,0-10,Normal,Low,Dry,0,Late,0
ALB,46.0,SOFT,6,0-10,Normal,Low,Dry,0,Late,0
TSU,46.0,SOFT,6,0-10,Normal,Low,Dry,0,Late,0
ZHO,46.0,SOFT,14,11-20,Normal,Low,Dry,0,Late,0
SAR,46.0,SOFT,6,0-10,Slower,Low,Dry,0,Late,0
DEV,46.0,HARD,19,11-20,Normal,Low,Dry,0,Late,0
VER,47.0,HARD,11,11-20,Normal,Low,Dry,0,Late,0
MAG,46.0,SOFT,6,0-10,Normal,Low,Dry,0,Late,0
PER,47.0,HARD,13,11-20,Faster,Low,Dry,0,Late,0
HUL,46.0,SOFT,6,0-10,Slower,Low,Dry,0,Late,0
ALO,47.0,HARD,13,11-20,Normal,Low,Dry,0,Late,0
SAI,47.0,HARD,16,11-20,Normal,Low,Dry,0,Late,0
HAM,47.0,HARD,17,11-20,Slower,Low,Dry,0,Late,0
NOR,46.0,HARD,9,0-10,Normal,Low,Dry,0,Late,1
STR,47.0,HARD,17,11-20,Normal,Low,Dry,0,Late,0
RUS,47.0,HARD,16,11-20,Normal,Low,Dry,0,Late,0
BOT,47.0,HARD,18,11-20,Normal,Low,Dry,0,Late,0
GAS,47.0,SOFT,7,0-10,Normal,Low,Dry,0,Late,0
ALB,47.0,SOFT,7,0-10,Normal,Low,Dry,0,Late,0
TSU,47.0,SOFT,7,0-10,Normal,Low,Dry,0,Late,0
ZHO,47.0,SOFT,15,11-20,Slower,Low,Dry,0,Late,0
SAR,47.0,SOFT,7,0-10,Faster,Low,Dry,0,Late,0
DEV,47.0,HARD,20,11-20,Normal,Low,Dry,0,Late,0
VER,48.0,HARD,12,11-20,Normal,Low,Dry,0,Late,0
MAG,47.0,SOFT,7,0-10,Normal,Low,Dry,0,Late,0
PER,48.0,HARD,14,11-20,Normal,Low,Dry,0,Late,0
HUL,47.0,SOFT,7,0-10,Faster,Low,Dry,0,Late,0
ALO,48.0,HARD,14,11-20,Faster,Low,Dry,0,Late,0
SAI,48.0,HARD,17,11-20,Normal,Low,Dry,0,Late,0
HAM,48.0,HARD,18,11-20,Faster,Low,Dry,0,Late,0
NOR,47.0,HARD,10,0-10,Slower,Low,Dry,0,Late,0
STR,48.0,HARD,18,11-20,Normal,Low,Dry,0,Late,0
RUS,48.0,HARD,17,11-20,Normal,Low,Dry,0,Late,0
BOT,48.0,HARD,19,11-20,Normal,Low,Dry,0,Late,0
GAS,48.0,SOFT,8,0-10,Normal,Low,Dry,0,Late,0
ALB,48.0,SOFT,8,0-10,Normal,Low,Dry,0,Late,0
TSU,48.0,SOFT,8,0-10,Normal,Low,Dry,0,Late,0
SAR,48.0,SOFT,8,0-10,Normal,Low,Dry,0,Late,0
ZHO,48.0,SOFT,16,11-20,Faster,Low,Dry,0,Late,0
DEV,48.0,HARD,21,21-30,Slower,Low,Dry,0,Late,0
VER,49.0,HARD,13,11-20,Normal,Low,Dry,0,Late,0
MAG,48.0,SOFT,8,0-10,Normal,Low,Dry,0,Late,0
PER,49.0,HARD,15,11-20,Normal,Low,Dry,0,Late,0
HUL,48.0,SOFT,8,0-10,Normal,Low,Dry,0,Late,0
ALO,49.0,HARD,15,11-20,Normal,Low,Dry,0,Late,0
SAI,49.0,HARD,18,11-20,Normal,Low,Dry,0,Late,0
HAM,49.0,HARD,19,11-20,Normal,Low,Dry,0,Late,0
NOR,48.0,SOFT,1,0-10,Slower,Low,Dry,0,Late,0
STR,49.0,HARD,19,11-20,Normal,Low,Dry,0,Late,0
RUS,49.0,HARD,18,11-20,Normal,Low,Dry,0,Late,0
BOT,49.0,HARD,20,11-20,Normal,Low,Dry,0,Late,0
GAS,49.0,SOFT,9,0-10,Normal,Low,Dry,0,Late,0
ALB,49.0,SOFT,9,0-10,Normal,Low,Dry,0,Late,0
TSU,49.0,SOFT,9,0-10,Normal,Low,Dry,0,Late,0
SAR,49.0,SOFT,9,0-10,Normal,Low,Dry,0,Late,0
ZHO,49.0,SOFT,17,11-20,Normal,Low,Dry,0,Late,0
VER,50.0,HARD,14,11-20,Normal,Low,Dry,0,Late,0
DEV,49.0,HARD,22,21-30,Faster,Low,Dry,0,Late,0
MAG,49.0,SOFT,9,0-10,Normal,Low,Dry,0,Late,0
PER,50.0,HARD,16,11-20,Slower,Low,Dry,0,Late,0
HUL,49.0,SOFT,9,0-10,Normal,Low,Dry,0,Late,0
ALO,50.0,HARD,16,11-20,Normal,Low,Dry,0,Late,0
SAI,50.0,HARD,19,11-20,Normal,Low,Dry,0,Late,0
HAM,50.0,HARD,20,11-20,Normal,Low,Dry,0,Late,0
STR,50.0,HARD,20,11-20,Normal,Low,Dry,0,Late,0
RUS,50.0,HARD,19,11-20,Normal,Low,Dry,0,Late,0
BOT,50.0,HARD,21,21-30,Normal,Low,Dry,0,Late,0
GAS,50.0,SOFT,10,0-10,Normal,Low,Dry,0,Late,0
NOR,49.0,SOFT,2,0-10,Faster,Low,Dry,0,Late,0
ALB,50.0,SOFT,10,0-10,Normal,Low,Dry,0,Late,0
TSU,50.0,SOFT,10,0-10,Normal,Low,Dry,0,Late,0
SAR,50.0,SOFT,10,0-10,Normal,Low,Dry,0,Late,0
ZHO,50.0,SOFT,18,11-20,Slower,Low,Dry,0,Late,0
VER,51.0,HARD,15,11-20,Normal,Low,Dry,0,Late,0
DEV,50.0,HARD,23,21-30,Normal,Low,Dry,0,Late,0
MAG,50.0,SOFT,10,0-10,Slower,Low,Dry,0,Late,0
PER,51.0,HARD,17,11-20,Faster,Low,Dry,0,Late,0
HUL,50.0,SOFT,10,0-10,Normal,Low,Dry,0,Late,0
ALO,51.0,HARD,17,11-20,Slower,Low,Dry,0,Late,0
SAI,51.0,HARD,20,11-20,Normal,Low,Dry,0,Late,0
HAM,51.0,HARD,21,21-30,Normal,Low,Dry,0,Late,0
STR,51.0,HARD,21,21-30,Normal,Low,Dry,0,Late,0
RUS,51.0,HARD,20,11-20,Normal,Low,Dry,0,Late,0
BOT,51.0,HARD,22,21-30,Normal,Low,Dry,0,Late,0
GAS,51.0,SOFT,11,11-20,Normal,Low,Dry,0,Late,0
NOR,50.0,SOFT,3,0-10,Faster,Low,Dry,0,Late,0
ALB,51.0,SOFT,11,11-20,Normal,Low,Dry,0,Late,0
TSU,51.0,SOFT,11,11-20,Normal,Low,Dry,0,Late,0
SAR,51.0,SOFT,11,11-20,Normal,Low,Dry,0,Late,0
VER,52.0,HARD,16,11-20,Faster,Low,Dry,0,Late,0
ZHO,51.0,SOFT,19,11-20,Faster,Low,Dry,0,Late,0
DEV,51.0,HARD,24,21-30,Slower,Low,Dry,0,Late,0
MAG,51.0,SOFT,11,11-20,Normal,Low,Dry,0,Late,0
PER,52.0,HARD,18,11-20,Normal,Low,Dry,0,Late,0
HUL,51.0,SOFT,11,11-20,Normal,Low,Dry,0,Late,0
ALO,52.0,HARD,18,11-20,Normal,Low,Dry,0,Late,0
SAI,52.0,HARD,21,21-30,Normal,Low,Dry,0,Late,0
HAM,52.0,HARD,22,21-30,Normal,Low,Dry,0,Late,0
STR,52.0,HARD,22,21-30,Normal,Low,Dry,0,Late,0
RUS,52.0,HARD,21,21-30,Normal,Low,Dry,0,Late,0
BOT,52.0,HARD,23,21-30,Normal,Low,Dry,0,Late,0
GAS,52.0,SOFT,12,11-20,Normal,Low,Dry,0,Late,0
NOR,51.0,SOFT,4,0-10,Slower,Low,Dry,0,Late,0
ALB,52.0,SOFT,12,11-20,Normal,Low,Dry,0,Late,0
TSU,52.0,SOFT,12,11-20,Normal,Low,Dry,0,Late,0
SAR,52.0,SOFT,12,11-20,Normal,Low,Dry,0,Late,0
VER,53.0,HARD,17,11-20,Normal,Low,Dry,0,Late,0
ZHO,52.0,SOFT,20,11-20,Normal,Low,Dry,0,Late,0
MAG,52.0,SOFT,12,11-20,Normal,Low,Dry,0,Late,0
DEV,52.0,HARD,25,21-30,Normal,Low,Dry,0,Late,0
PER,53.0,HARD,19,11-20,Normal,Low,Dry,0,Late,0
HUL,52.0,SOFT,12,11-20,Slower,Low,Dry,0,Late,0
ALO,53.0,HARD,19,11-20,Normal,Low,Dry,0,Late,0
SAI,53.0,HARD,22,21-30,Normal,Low,Dry,0,Late,0
HAM,53.0,HARD,23,21-30,Normal,Low,Dry,0,Late,0
STR,53.0,HARD,23,21-30,Slower,Low,Dry,0,Late,0
RUS,53.0,HARD,22,21-30,Normal,Low,Dry,0,Late,0
BOT,53.0,HARD,24,21-30,Normal,Low,Dry,0,Late,0
GAS,53.0,SOFT,13,11-20,Normal,Low,Dry,0,Late,0
NOR,52.0,SOFT,5,0-10,Normal,Low,Dry,0,Late,0
ALB,53.0,SOFT,13,11-20,Normal,Low,Dry,0,Late,0
TSU,53.0,SOFT,13,11-20,Normal,Low,Dry,0,Late,0
SAR,53.0,SOFT,13,11-20,Normal,Low,Dry,0,Late,0
VER,54.0,HARD,18,11-20,Normal,Low,Dry,0,Late,0
ZHO,53.0,SOFT,21,21-30,Normal,Low,Dry,0,Late,1
MAG,53.0,SOFT,13,11-20,Normal,Low,Dry,0,Late,0
PER,54.0,HARD,20,11-20,Normal,Low,Dry,0,Late,0
DEV,53.0,HARD,26,21-30,Faster,Low,Dry,0,Late,0
HUL,53.0,SOFT,13,11-20,Normal,Low,Dry,0,Late,0
ALO,54.0,HARD,20,11-20,Slower,Low,Dry,0,Late,0
SAI,54.0,HARD,23,21-30,Normal,Low,Dry,0,Late,0
HAM,54.0,HARD,24,21-30,Normal,Low,Dry,0,Late,0
STR,54.0,HARD,24,21-30,Faster,Low,Dry,0,Late,0
RUS,54.0,HARD,23,21-30,Normal,Low,Dry,0,Late,0
BOT,54.0,HARD,25,21-30,Normal,Low,Dry,0,Late,0
GAS,54.0,SOFT,14,11-20,Normal,Low,Dry,0,Late,0
NOR,53.0,SOFT,6,0-10,Normal,Low,Dry,0,Late,1
ALB,54.0,SOFT,14,11-20,Normal,Low,Dry,0,Late,0
TSU,54.0,SOFT,14,11-20,Normal,Low,Dry,0,Late,0
SAR,54.0,SOFT,14,11-20,Normal,Low,Dry,0,Late,0
VER,55.0,HARD,19,11-20,Normal,Low,Dry,0,Late,0
ZHO,54.0,SOFT,22,21-30,Slower,Low,Dry,0,Late,0
MAG,54.0,SOFT,14,11-20,Slower,Low,Dry,0,Late,0
PER,55.0,HARD,21,21-30,Normal,Low,Dry,0,Late,0
DEV,54.0,HARD,27,21-30,Normal,Low,Dry,0,Late,0
HUL,54.0,SOFT,14,11-20,Normal,Low,Dry,0,Late,0
ALO,55.0,HARD,21,21-30,Normal,Low,Dry,0,Late,0
SAI,55.0,HARD,24,21-30,Normal,Low,Dry,0,Late,0
HAM,55.0,HARD,25,21-30,Normal,Low,Dry,0,Late,0
STR,55.0,HARD,25,21-30,Normal,Low,Dry,0,Late,0
RUS,55.0,HARD,24,21-30,Normal,Low,Dry,0,Late,0
BOT,55.0,HARD,26,21-30,Normal,Low,Dry,0,Late,0
GAS,55.0,SOFT,15,11-20,Normal,Low,Dry,0,Late,0
NOR,54.0,SOFT,7,0-10,Slower,Low,Dry,0,Late,0
ALB,55.0,SOFT,15,11-20,Normal,Low,Dry,0,Late,0
TSU,55.0,SOFT,15,11-20,Normal,Low,Dry,0,Late,0
SAR,55.0,SOFT,15,11-20,Normal,Low,Dry,0,Late,0
VER,56.0,HARD,20,11-20,Slower,Low,Dry,0,Late,0
ZHO,55.0,SOFT,1,0-10,Slower,Low,Dry,0,Late,0
PER,56.0,HARD,22,21-30,Faster,Low,Dry,0,Late,0
MAG,55.0,SOFT,15,11-20,Faster,Low,Dry,0,Late,0
DEV,55.0,HARD,28,21-30,Normal,Low,Dry,0,Late,0
HUL,55.0,SOFT,15,11-20,Normal,Low,Dry,0,Late,0
ALO,56.0,HARD,22,21-30,Normal,Low,Dry,0,Late,0
SAI,56.0,HARD,25,21-30,Normal,Low,Dry,0,Late,0
HAM,56.0,HARD,26,21-30,Normal,Low,Dry,0,Late,0
STR,56.0,HARD,26,21-30,Normal,Low,Dry,0,Late,0
RUS,56.0,HARD,25,21-30,Normal,Low,Dry,0,Late,0
BOT,56.0,HARD,27,21-30,Normal,Low,Dry,0,Late,0
GAS,56.0,SOFT,16,11-20,Normal,Low,Dry,0,Late,0
NOR,55.0,SOFT,1,0-10,Slower,Low,Dry,0,Late,0
ALB,56.0,SOFT,16,11-20,Normal,Low,Dry,0,Late,0
TSU,56.0,SOFT,16,11-20,Normal,Low,Dry,0,Late,0
SAR,56.0,SOFT,16,11-20,Slower,Low,Dry,0,Late,0
VER,57.0,HARD,21,21-30,Faster,Low,Dry,0,Late,0
PER,57.0,HARD,23,21-30,Normal,Low,Dry,0,Late,0
MAG,56.0,SOFT,16,11-20,Normal,Low,Dry,0,Late,0
DEV,56.0,HARD,29,21-30,Normal,Low,Dry,0,Late,0
HUL,56.0,SOFT,16,11-20,Slower,Low,Dry,0,Late,0
ALO,57.0,HARD,23,21-30,Normal,Low,Dry,0,Late,0
ZHO,56.0,SOFT,2,0-10,Faster,Low,Dry,0,Late,0
SAI,57.0,HARD,26,21-30,Normal,Low,Dry,0,Late,0
HAM,57.0,HARD,27,21-30,Normal,Low,Dry,0,Late,0
STR,57.0,HARD,27,21-30,Normal,Low,Dry,0,Late,0
RUS,57.0,HARD,26,21-30,Normal,Low,Dry,0,Late,0
BOT,57.0,HARD,28,21-30,Normal,Low,Dry,0,Late,0
GAS,57.0,SOFT,17,11-20,Normal,Low,Dry,0,Late,0
ALB,57.0,SOFT,17,11-20,Normal,Low,Dry,0,Late,0
TSU,57.0,SOFT,17,11-20,Normal,Low,Dry,0,Late,0
